Existence of chronic diseases_hypertension,Existence of chronic diseaseas_does not exist,Town,Nb of Covid-19 cases,Existence of chronic diseases_cardiovascular diseases,Existence of chronic diseases_Diabetes
1,0,Bireh,72,1,1
0,0,A'ain El-Mir (El Establ),62,0,0
1,0,AAridet Cheikh Zennad,0,0,1
1,0,Aaba,125,1,1
1,0,Aabadiyeh,471,1,1
1,0,Aabaydat,120,1,1
0,0,Aaba,903,0,0
1,0,Aabbesiyyi,3244,1,1
1,0,Aabdine,84,1,1
1,0,Aabra Saida,2156,1,1
1,0,Aabrine,239,1,1
1,0,Aachach,166,1,1
0,0,Aachqout,1155,0,0
1,0,Aadaysseh Marjaayoun,413,1,1
0,0,Aadchit Ech-Chqif,6,0,0
1,0,Aadchit El-Qoussair,22,1,1
0,0,Aadloun,1176,0,0
